{
    "bridge_speed": "150",
    "enable_overhang_speed": "0",
    "enable_prime_tower": "0",
    "from": "User",
    "inherits": "0.20mm Standard @BBL X1C",
    "initial_layer_line_width": "0.45",
    "inner_wall_line_width": "0.35",
    "internal_solid_infill_line_width": "0.38",
    "is_custom_defined": "0",
    "layer_height": "0.18",
    "line_width": "0.35",
    "name": ".18 Clear - Fast Overhang Detailed",
    "outer_wall_line_width": "0.35",
    "print_settings_id": ".18 Clear - Fast Overhang Detailed",
    "sparse_infill_density": "10%",
    "sparse_infill_line_width": "0.38",
    "sparse_infill_pattern": "gyroid",
    "support_line_width": "0.38",
    "top_surface_line_width": "0.38",
    "version": "1.8.0.18"
}
