{
    "bridge_speed": "100",
    "enable_overhang_speed": "0",
    "enable_prime_tower": "0",
    "from": "User",
    "gap_infill_speed": "400",
    "inherits": "0.28mm Extra Draft @BBL X1C",
    "inner_wall_speed": "500",
    "internal_solid_infill_speed": "400",
    "is_custom_defined": "0",
    "name": "0.28mm Really fucking fast - gyroid no support",
    "outer_wall_speed": "500",
    "print_settings_id": "0.28mm Really fucking fast - gyroid no support",
    "sparse_infill_density": "20%",
    "sparse_infill_pattern": "gyroid",
    "sparse_infill_speed": "350",
    "top_surface_speed": "300",
    "travel_speed": "700",
    "version": "1.8.0.18"
}
