{
    "activate_air_filtration": [
        "1"
    ],
    "close_fan_the_first_x_layers": [
        "5"
    ],
    "complete_print_exhaust_fan_speed": [
        "50"
    ],
    "filament_cost": [
        "24"
    ],
    "filament_settings_id": [
        "Inland Natural PLA"
    ],
    "from": "User",
    "inherits": "Generic PLA",
    "is_custom_defined": "0",
    "name": "Inland Natural PLA",
    "nozzle_temperature": [
        "210"
    ],
    "nozzle_temperature_initial_layer": [
        "215"
    ],
    "nozzle_temperature_range_high": [
        "230"
    ],
    "nozzle_temperature_range_low": [
        "200"
    ],
    "textured_plate_temp": [
        "60"
    ],
    "textured_plate_temp_initial_layer": [
        "60"
    ],
    "version": "1.8.0.18"
}
