{
    "activate_air_filtration": [
        "1"
    ],
    "filament_cost": [
        "24"
    ],
    "filament_retraction_length": [
        "0.8"
    ],
    "filament_settings_id": [
        "Inland Carbon Fiber High Speed higher temp"
    ],
    "from": "User",
    "inherits": "Generic PLA High Speed @BBL X1C",
    "is_custom_defined": "0",
    "name": "Inland Carbon Fiber High Speed higher temp",
    "nozzle_temperature": [
        "215"
    ],
    "textured_plate_temp_initial_layer": [
        "60"
    ],
    "version": "1.8.0.13"
}
