{
    "bed_exclude_area": [],
    "from": "User",
    "inherits": "Bambu Lab P1S 0.4 nozzle",
    "is_custom_defined": "0",
    "machine_start_gcode": ";===== machine: P1S ========================\n;===== date: 20240106 =====================\n;===== turn on the MC board fan =================\nM710 A1 S255 ;turn on MC fan by default(P1S)\n;===== reset machine status =================\nG91\nM17 Z0.3 ; lower the z-motor current\nG0 Z7 F300 ; lower the hotbed , to prevent the nozzle is below the hotbed\nG90\nM17 X1.2 Y1.2 Z0.75 ; reset motor current to default\nM960 S5 P1 ; turn on logo lamp\nG90\nM220 S100 ;Reset Feedrate\nM221 S100 ;Reset Flowrate\nM73.2   R1.0 ;Reset left time magnitude\nM1002 set_gcode_claim_speed_level : 5\nM221 X0 Y0 Z0 ; turn off soft endstop to prevent protential logic problem\n\n;===== heatbed preheat ====================\nM1002 gcode_claim_action : 2\n{if bbl_bed_temperature_gcode}\nM1002 set_heatbed_surface_temp:[bed_temperature_initial_layer_vector] ;config bed temps\nM140 A S[bed_temperature_initial_layer_single] ;set bed temp\nM190 A S[bed_temperature_initial_layer_single] ;wait for bed temp\n{else}\nM140 S[bed_temperature_initial_layer_single] ;set bed temp\nM190 S[bed_temperature_initial_layer_single] ;wait for bed temp\n{endif}\n\n=============turn on fans to prevent PLA jamming=================\n{if filament_type[initial_tool]==\"PLA\"}\n    {if (bed_temperature[current_extruder] >45)||(bed_temperature_initial_layer[current_extruder] >45)}\n    M106 P3 S100\n    {elsif (bed_temperature[current_extruder] >50)||(bed_temperature_initial_layer[current_extruder] >50)}\n    M106 P3 S100\n    {endif};Prevent PLA from jamming\n{endif}\nM106 P2 S100 ; turn on big fan ,to cool down toolhead\n\n;===== prepare print temperature and material ==========\nM104 S[nozzle_temperature_initial_layer] ;set extruder temp\nG91\nG0 Z2 F1200\nG90\nG28 X\nM975 S1 ; turn on \nG1 X60 F12000\nG1 Y245\nG1 Y265 F3000\nM620 M\nM620 S[initial_tool]A   ; switch material if AMS exist\n    M109 S[nozzle_temperature_initial_layer]\n    G1 X120 F12000\n\n    G1 X20 Y50 F12000\n    G1 Y-3\n    T[initial_tool]\n    G1 X54 F12000\n    G1 Y265\n    M400\nM621 S[initial_tool]A\n\nM412 S1 ; ===turn on filament runout detection===\n\nG92 E0\nG1 E20 F200\nM400\nM106 P1 S255\nG92 E0\nG1 E5 F300\nM109 S{nozzle_temperature_initial_layer[initial_extruder]-20} ; drop nozzle temp, make filament shink a bit\nG92 E0\nG1 E-0.5 F300\nG1 X70 F9000\nG1 X76 F15000\nG1 X65 F15000\nG1 X76 F15000\nG1 X65 F15000; shake to put down garbage\nG1 X80 F6000\nG1 X95 F15000\nG1 X80 F15000\nG1 X95 F15000\nG1 X76 F15000; wipe and shake\nM400\nM106 P1 S0\n\n\n;===== wipe nozzle ===============================\nM1002 gcode_claim_action : 14\nM975 S1\nM106 S255\nG1 X65 Y230 F18000\nG1 Y264 F6000\nM109 S{nozzle_temperature_initial_layer[initial_extruder]-20}\nG1 X100 F18000 ; first wipe mouth\n\nG0 X135 Y253 F20000  ; move to exposed steel surface edge\nG28 Z P0 T300; home z with low precision,permit 300deg temperature\nG29.2 S0 ; turn off ABL\nG0 Z2 F20000\n\nG1 X60 Y265\nG92 E0\nG1 E-0.5 F300 ; retrack more\nG1 X100 F5000; second wipe mouth\nG1 X70 F15000\nG1 X100 F5000\nG1 X70 F15000\nG1 X100 F5000\nG1 X70 F15000\nG1 X100 F5000\nG1 X70 F15000\nG1 X90 F5000\n\n# G0 X128 Y261 Z-1.5 F20000  ; move to exposed steel surface and stop the nozzle\nM104 S160 ; set temp down to heatbed acceptable\nM106 S255 ; turn on fan (G28 has turn off fan)\n\nM221 R; pop softend status\nG1 Z10 F1200\nM400\nG1 Z10\nG1 F30000\nG1 X230 Y15\nG29.2 S1 ; turn on ABL\nG28 ; home again after hard wipe mouth\nM106 S0 ; turn off fan , too noisy\n;===== wipe nozzle end ================================\n\n;===== bed leveling ==================================\nM1002 judge_flag g29_before_print_flag\nM622 J1\n\n    M1002 gcode_claim_action : 1\n    G29 A X{first_layer_print_min[0]} Y{first_layer_print_min[1]} I{first_layer_print_size[0]} J{first_layer_print_size[1]}\n    M400\n    M500 ; save cali data\n\nM623\n;===== bed leveling end ================================\n\n;===== home after wipe mouth============================\n#M1002 judge_flag g29_before_print_flag\n#M622 J0\n#\n#    M1002 gcode_claim_action : 13\n#    G28\n#\n#M623\n;===== home after wipe mouth end =======================\n\nM975 S1 ; turn on vibration supression\n=============turn on fans to prevent PLA jamming=================\n{if filament_type[initial_tool]==\"PLA\"}\n    {if (bed_temperature[current_extruder] >45)||(bed_temperature_initial_layer[current_extruder] >45)}\n    M106 P3 S100\n    {elsif (bed_temperature[current_extruder] >50)||(bed_temperature_initial_layer[current_extruder] >50)}\n    M106 P3 S100\n    {endif};Prevent PLA from jamming\n{endif}\nM106 P2 S100 ; turn on big fan ,to cool down toolhead\n\n;===== noozle load line ===============================\nM975 S1\nG90 \nM83\nT1000\nG1 X18.0 Y5.0 Z0.2 F18000;Move to start position\nM109 S{nozzle_temperature[initial_extruder]}\nG0 E3 F300\nG0 X240 E15 F{outer_wall_volumetric_speed/(0.3*0.5)     * 60} \nG0 Y5.5 \nG0 X18 E15\nM400\n\n;===== for Textured PEI Plate , lower the nozzle as the nozzle was touching topmost of the texture when homing ==\n;curr_bed_type={curr_bed_type}\n{if curr_bed_type==\"Textured PEI Plate\"}\nG29.1 Z{-0.04} ; for Textured PEI Plate\n{endif}\n;========turn off light and wait extrude temperature =============\nM1002 gcode_claim_action : 0\nM106 S0 ; turn off fan\nM106 P2 S0 ; turn off big fan\nM106 P3 S0 ; turn off chamber fan\n\nM975 S1 ; turn on mech mode supression",
    "name": "Bambu Lab P1S 0.4 nozzle faststart",
    "printable_height": "256",
    "printer_settings_id": "Bambu Lab P1S 0.4 nozzle faststart",
    "support_air_filtration": "1",
    "version": "1.8.0.13",
    "z_hop": [
        "0"
    ]
}
