{
    "activate_air_filtration": [
        "1"
    ],
    "close_fan_the_first_x_layers": [
        "4"
    ],
    "filament_cost": [
        "24"
    ],
    "filament_settings_id": [
        "Inland White PLA High Temp"
    ],
    "from": "User",
    "inherits": "Generic PLA High Speed @BBL X1C",
    "is_custom_defined": "0",
    "name": "Inland White PLA High Temp",
    "nozzle_temperature": [
        "215"
    ],
    "nozzle_temperature_range_high": [
        "225"
    ],
    "nozzle_temperature_range_low": [
        "205"
    ],
    "textured_plate_temp": [
        "60"
    ],
    "textured_plate_temp_initial_layer": [
        "65"
    ],
    "version": "1.8.0.13"
}
